antibody,scaled_sol,K - R,D - E,Number of amino acids,A,C,D,E,F,G,H,I,K,L,M,N,P,Q,R,S,T,V,W,Y,KpR,DpE,PmN,PpN,F+W+Y,pI,kyte doolittle,absolute charge,Fold propensity,disorder,entropy,beta proprensity
abituzumab,0.478,0.89,0.44,225.0,6.22,1.78,4.0,3.56,3.56,9.33,0.89,4.89,4.44,4.89,2.22,1.78,4.0,7.11,3.56,13.33,10.22,4.89,2.22,7.11,8.0,7.56,0.44,15.56,12.89,8.73,0.453,0.004,0.107,-0.041,4.07,1.015
abrilumab,0.573,3.11,0.89,225.0,6.22,1.78,4.89,4.0,3.56,9.78,0.44,3.56,5.33,5.78,1.78,1.33,4.44,7.56,2.22,14.67,8.44,7.11,3.11,4.0,7.56,8.89,-1.33,16.44,10.67,5.2,0.462,0.013,0.122,-0.035,4.029,0.997
adalimumab,0.379,-1.75,1.75,228.0,8.33,1.75,4.82,3.07,2.63,8.77,0.88,3.95,3.51,7.89,1.32,2.63,3.51,6.14,5.26,13.16,7.46,6.58,2.19,6.14,8.77,7.89,0.88,16.67,10.96,9.14,0.468,0.009,0.144,-0.055,4.066,1.007
alemtuzumab,0.489,0.0,1.75,228.0,4.82,1.75,4.39,2.63,4.39,8.33,0.88,4.39,4.82,7.02,1.32,3.51,5.26,7.02,4.82,10.96,10.53,6.58,1.75,4.82,9.65,7.02,2.63,16.67,10.96,9.77,0.457,0.026,0.096,-0.04,4.102,1.015
alirocumab,0.398,-1.3,1.73,231.0,5.63,1.73,4.76,3.03,3.46,10.39,0.43,3.46,3.46,8.23,1.3,5.19,3.46,5.63,4.76,12.55,7.79,6.49,2.6,5.63,8.23,7.79,0.43,16.02,11.69,8.84,0.46,0.004,0.127,-0.034,4.074,1.001
anifrolumab,0.418,-0.89,0.0,225.0,6.67,1.78,4.44,4.44,3.56,9.78,0.44,6.67,4.0,7.11,1.33,0.44,4.44,6.22,4.89,13.78,7.56,4.44,2.22,5.78,8.89,8.89,0.0,17.78,11.56,7.59,0.471,0.0,0.162,-0.05,4.029,1.01
atezolizumab,0.451,-0.44,1.78,225.0,8.0,1.78,4.44,2.67,4.0,10.22,1.33,3.56,3.56,6.67,0.89,0.89,4.44,6.22,4.0,13.33,8.0,6.67,3.11,6.22,7.56,7.11,0.44,14.67,13.33,8.81,0.474,0.004,0.165,-0.043,4.042,1.014
bapineuzumab,0.509,-0.87,1.73,231.0,3.46,1.73,5.19,3.46,3.03,11.69,0.87,2.6,4.33,9.09,1.3,2.6,4.33,5.19,5.19,13.85,6.49,7.79,2.16,5.63,9.52,8.66,0.87,18.18,10.82,9.14,0.459,0.009,0.12,-0.025,4.03,1.0
basiliximab,0.616,1.81,-0.9,221.0,7.69,1.81,2.71,3.62,2.71,9.05,1.36,3.62,5.43,4.52,3.17,0.9,3.62,6.33,3.62,16.29,9.05,4.07,2.71,7.69,9.05,6.33,2.71,15.38,13.12,9.6,0.447,0.027,0.066,-0.042,4.019,1.0
bavituximab,0.572,3.52,1.32,227.0,4.41,1.76,5.29,3.96,2.64,9.69,1.32,3.08,6.17,8.37,1.32,1.76,3.52,5.29,2.64,16.74,7.05,5.73,2.2,7.05,8.81,9.25,-0.44,18.06,11.89,6.68,0.451,0.004,0.1,-0.031,4.006,0.997
belimumab,0.406,-2.6,0.0,231.0,8.23,1.73,3.9,3.9,2.6,10.82,1.3,3.03,2.6,6.49,1.73,3.9,4.33,6.49,5.19,13.42,6.93,7.36,2.16,3.9,7.79,7.79,0.0,15.58,8.66,7.91,0.46,0.0,0.129,-0.032,4.066,0.979
benralizumab,0.56,0.88,0.0,228.0,3.51,1.75,3.95,3.95,2.63,10.53,0.88,4.82,5.26,7.02,1.32,2.19,3.95,6.14,4.39,11.84,9.65,7.02,1.75,7.46,9.65,7.89,1.75,17.54,11.84,9.37,0.456,0.018,0.102,-0.043,4.056,1.033
bevacizumab,0.451,0.87,0.87,230.0,5.65,1.74,3.91,3.04,4.35,9.57,1.3,3.04,3.91,6.52,1.3,2.61,4.35,6.09,3.04,13.04,9.57,6.52,3.04,7.39,6.96,6.96,0.0,13.91,14.78,7.77,0.463,0.0,0.139,-0.038,4.077,1.025
bimagrumab,0.655,0.88,0.88,226.0,6.64,1.77,3.1,2.21,2.65,12.83,0.44,3.1,4.42,4.87,1.77,2.65,3.54,6.19,3.54,14.6,8.85,7.96,2.21,6.64,7.96,5.31,2.65,13.27,11.5,9.67,0.466,0.027,0.121,-0.024,3.979,1.013
blosozumab,0.621,3.56,2.22,225.0,6.22,1.78,6.22,4.0,4.0,8.89,0.89,3.11,6.22,4.0,1.78,0.0,4.44,6.67,2.67,11.56,11.56,7.56,3.56,4.89,8.89,10.22,-1.33,19.11,12.44,5.46,0.45,0.013,0.09,-0.041,4.023,1.018
bococizumab,0.578,-0.89,-0.89,225.0,6.22,1.78,3.11,4.0,3.11,8.44,0.44,3.56,4.89,5.78,2.22,0.89,4.0,6.67,5.78,14.22,9.78,6.22,2.22,6.67,10.67,7.11,3.56,17.78,12.0,9.83,0.451,0.036,0.07,-0.053,4.034,1.019
brentuximab,0.497,5.26,0.0,228.0,7.46,1.75,4.39,4.39,3.95,9.65,0.44,4.82,6.14,5.26,0.88,3.51,4.82,7.46,0.88,10.96,8.33,5.7,3.07,6.14,7.02,8.77,-1.75,15.79,13.16,4.98,0.457,0.018,0.103,-0.039,4.068,1.0
briakinumab,0.526,-1.33,2.21,226.0,6.19,1.77,4.42,2.21,2.65,10.62,1.77,2.65,3.98,7.08,1.33,3.54,4.42,6.19,5.31,12.83,7.52,7.52,1.77,6.19,9.29,6.64,2.65,15.93,10.62,9.71,0.452,0.027,0.082,-0.029,4.072,0.998
brodalumab,0.536,-1.79,0.45,223.0,7.62,1.79,3.59,3.14,3.14,8.97,0.0,2.69,3.59,6.28,1.79,1.79,4.04,7.62,5.38,12.56,10.31,7.17,2.69,5.83,8.97,6.73,2.24,15.7,11.66,9.66,0.461,0.022,0.109,-0.052,4.019,1.014
canakinumab,0.438,0.0,2.22,225.0,6.22,1.78,5.33,3.11,4.44,9.33,0.89,4.0,4.44,7.11,0.89,2.67,4.44,6.67,4.44,12.44,7.11,7.11,2.22,5.33,8.89,8.44,0.44,17.33,12.0,8.84,0.464,0.004,0.137,-0.043,4.094,1.009
carlumab,0.484,-0.44,-1.32,228.0,8.33,1.75,3.51,4.82,3.95,10.09,0.88,4.82,3.51,7.02,0.88,0.44,3.95,7.02,3.95,13.16,7.89,6.58,1.75,5.7,7.46,8.33,-0.88,15.79,11.4,5.85,0.481,0.009,0.181,-0.058,4.011,1.017
certolizumab,0.46,0.44,0.89,225.0,7.11,1.78,4.0,3.11,3.56,10.67,0.0,4.0,4.0,6.67,2.22,2.67,4.0,6.22,3.56,11.56,8.0,6.67,2.22,8.0,7.56,7.11,0.44,14.67,13.78,8.7,0.475,0.004,0.167,-0.047,4.057,1.021
cetuximab,0.431,0.0,0.44,226.0,3.98,1.77,3.54,3.1,3.98,8.85,0.88,5.75,3.54,7.96,0.44,5.75,3.98,6.64,3.54,14.6,7.96,5.75,2.65,5.31,7.08,6.64,0.44,13.72,11.95,8.88,0.465,0.004,0.139,-0.037,4.052,1.017
cixutumumab,0.502,0.42,0.0,238.0,7.98,1.68,4.2,4.2,2.52,10.5,0.84,4.2,4.62,5.88,1.26,1.26,3.78,6.3,4.2,12.18,8.4,7.14,2.1,6.72,8.82,8.4,0.42,17.23,11.34,8.72,0.464,0.004,0.136,-0.049,4.048,1.014
clazakizumab,0.434,-0.87,2.17,230.0,7.83,1.74,5.22,3.04,3.04,10.0,0.0,4.78,3.48,8.26,0.87,3.91,3.04,6.09,4.35,13.91,7.39,5.65,2.17,5.22,7.83,8.26,-0.43,16.09,10.43,5.46,0.471,0.004,0.158,-0.043,4.015,0.995
codrituzumab,0.555,2.2,0.0,227.0,4.85,1.76,3.96,3.96,3.08,8.37,1.76,1.76,5.73,7.05,1.76,1.76,5.29,6.17,3.52,12.78,9.69,8.81,1.76,6.17,9.25,7.93,1.32,17.18,11.01,9.27,0.455,0.013,0.102,-0.04,4.062,1.019
crenezumab,0.494,-0.45,0.45,224.0,4.46,1.79,4.02,3.57,3.12,11.16,0.89,3.12,3.57,7.59,1.34,3.12,4.91,5.36,4.02,15.18,6.7,8.48,1.79,5.8,7.59,7.59,0.0,15.18,10.71,7.74,0.47,0.0,0.158,-0.024,4.026,1.008
dacetuzumab,0.497,-0.44,-0.44,226.0,5.31,1.77,2.65,3.1,4.42,10.62,1.77,3.54,3.98,7.08,0.88,3.54,3.98,6.19,4.42,12.83,8.85,7.52,2.65,4.87,8.41,5.75,2.65,14.16,11.95,9.82,0.468,0.027,0.126,-0.039,4.08,1.022
daclizumab,0.542,2.25,0.0,222.0,6.31,1.8,3.6,3.6,3.15,9.01,1.35,3.6,5.41,5.41,1.8,1.8,4.05,6.31,3.15,13.51,10.81,6.76,1.8,6.76,8.56,7.21,1.35,15.77,11.71,9.26,0.457,0.014,0.108,-0.042,4.055,1.021
dalotuzumab,0.54,0.87,0.87,229.0,2.62,1.75,3.93,3.06,3.06,10.04,0.87,4.8,4.8,7.86,0.44,3.06,5.68,6.11,3.93,12.66,7.86,8.3,2.62,6.55,8.73,6.99,1.75,15.72,12.23,9.45,0.466,0.017,0.129,-0.034,4.045,1.034
daratumumab,0.407,-1.31,-0.87,229.0,7.42,1.75,3.49,4.37,4.8,10.48,0.0,3.49,3.49,8.73,0.87,2.62,4.8,5.68,4.8,13.1,6.99,6.11,2.62,4.37,8.3,7.86,0.44,16.16,11.79,8.96,0.478,0.004,0.176,-0.042,4.03,0.994
denosumab,0.416,-3.04,-0.43,230.0,6.52,1.74,3.48,3.91,3.91,12.17,0.0,3.48,3.04,8.26,1.3,1.3,4.78,5.65,6.09,13.48,8.26,5.65,2.17,4.78,9.13,7.39,1.74,16.52,10.87,9.62,0.471,0.017,0.142,-0.031,3.986,0.991
dinutuximab,0.525,2.21,-2.21,226.0,4.42,1.77,2.65,4.87,3.1,9.73,2.21,3.1,5.75,8.41,2.21,3.1,4.42,4.42,3.54,15.04,7.52,7.08,1.77,4.87,9.29,7.52,1.77,16.81,9.73,9.53,0.463,0.018,0.12,-0.035,4.073,1.003
drozitumab,0.477,-1.75,2.19,228.0,8.77,1.75,5.26,3.07,2.19,13.16,0.44,3.07,3.07,6.58,0.88,3.95,3.07,4.82,4.82,12.28,6.58,7.89,2.63,5.7,7.89,8.33,-0.44,16.23,10.53,5.97,0.467,0.004,0.146,-0.028,4.008,0.991
duligotuzumab,0.481,-0.44,0.0,228.0,8.77,1.75,4.82,4.82,3.51,10.09,0.44,3.95,3.51,6.58,1.32,1.32,3.95,6.14,3.95,13.16,7.89,6.58,2.19,5.26,7.46,9.65,-2.19,17.11,10.96,4.9,0.472,0.022,0.142,-0.048,4.039,0.999
dupilumab,0.387,-2.11,0.84,237.0,4.64,1.69,4.64,3.8,2.95,11.39,0.0,4.22,3.38,9.28,1.69,2.53,4.22,5.49,5.49,13.08,7.17,5.91,1.69,6.75,8.86,8.44,0.42,17.3,11.39,8.75,0.467,0.004,0.146,-0.036,4.018,1.003
eculizumab,0.484,1.31,-0.44,229.0,5.68,1.75,3.93,4.37,3.93,9.61,0.0,3.93,4.37,6.55,1.75,3.49,4.37,6.11,3.06,12.23,9.17,7.42,2.62,5.68,7.42,8.3,-0.87,15.72,12.23,5.23,0.469,0.009,0.148,-0.043,4.071,1.019
efalizumab,0.457,1.32,0.44,228.0,4.82,1.75,3.95,3.51,3.95,10.09,1.32,3.95,5.26,7.46,1.75,2.19,3.95,6.58,3.95,12.28,8.77,5.7,2.19,6.58,9.21,7.46,1.75,16.67,12.72,9.43,0.457,0.018,0.104,-0.043,4.098,1.014
eldelumab,0.316,-2.58,0.43,233.0,5.58,1.72,4.29,3.86,4.29,11.59,0.43,4.29,3.0,6.87,2.15,2.58,4.29,5.15,5.58,12.45,7.3,6.44,2.15,6.01,8.58,8.15,0.43,16.74,12.45,8.82,0.47,0.004,0.153,-0.036,4.08,1.01
elotuzumab,0.442,0.44,2.65,226.0,6.19,1.77,5.75,3.1,3.1,9.29,0.44,4.87,4.42,6.64,1.33,2.65,4.87,6.19,3.98,12.39,6.64,7.08,3.1,6.19,8.41,8.85,-0.44,17.26,12.39,5.98,0.465,0.004,0.139,-0.042,4.098,1.012
emibetuzumab,0.569,0.0,1.35,223.0,5.38,1.79,4.04,2.69,2.69,8.97,0.9,2.69,4.48,5.83,2.24,2.24,4.04,5.83,4.48,13.9,10.76,8.07,2.24,6.73,8.97,6.73,2.24,15.7,11.66,9.58,0.458,0.022,0.103,-0.04,4.044,1.028
enokizumab,0.567,3.06,-0.87,229.0,5.24,1.75,3.93,4.8,3.49,10.04,0.87,3.93,5.68,5.24,1.31,0.87,4.37,6.11,2.62,13.1,9.61,7.42,2.18,7.42,8.3,8.73,-0.44,17.03,13.1,6.43,0.459,0.004,0.123,-0.042,4.031,1.029
epratuzumab,0.479,2.19,0.0,228.0,6.14,1.75,3.95,3.95,3.95,7.46,1.32,3.95,5.7,6.14,0.88,3.07,3.51,6.14,3.51,14.04,9.65,5.26,3.07,6.58,9.21,7.89,1.32,17.11,13.6,9.24,0.446,0.013,0.078,-0.049,4.09,1.016
etrolizumab,0.469,0.0,0.89,224.0,4.91,1.79,4.02,3.12,4.46,10.71,0.45,4.02,4.02,7.59,0.89,3.12,4.02,6.25,4.02,15.18,8.04,5.8,2.23,5.36,8.04,7.14,0.89,15.18,12.05,9.17,0.465,0.009,0.135,-0.029,4.027,1.003
evolocumab,0.611,0.89,-0.45,224.0,6.25,1.79,3.12,3.57,1.34,12.05,0.45,2.23,4.02,5.36,2.68,3.57,3.57,5.36,3.12,15.18,9.82,8.04,2.23,6.25,7.14,6.7,0.45,13.84,9.82,8.8,0.459,0.004,0.123,-0.02,3.975,1.001
farletuzumab,0.458,-0.44,1.75,229.0,5.68,1.75,4.37,2.62,3.93,10.92,0.87,3.93,3.49,5.68,1.31,2.18,5.24,5.68,3.93,15.72,6.99,6.55,3.06,6.11,7.42,6.99,0.44,14.41,13.1,8.81,0.464,0.004,0.138,-0.02,4.041,1.004
fasinumab,0.484,0.88,-0.44,226.0,6.19,1.77,4.42,4.87,3.98,9.29,0.44,3.98,4.87,6.19,1.77,2.21,3.98,7.52,3.98,11.06,9.73,7.08,2.21,4.42,8.85,9.29,-0.44,18.14,10.62,6.03,0.459,0.004,0.122,-0.051,4.093,1.01
fezakinumab,0.469,-1.29,2.16,232.0,7.33,1.72,5.17,3.02,2.59,11.21,0.86,2.59,3.45,6.03,1.29,2.16,4.74,6.03,4.74,12.5,7.76,8.19,2.16,6.47,8.19,8.19,0.0,16.38,11.21,7.71,0.459,0.0,0.128,-0.029,4.042,1.0
ficlatuzumab,0.492,1.78,-0.44,225.0,5.78,1.78,4.0,4.44,2.67,8.89,1.33,3.11,4.89,6.67,1.78,4.0,4.0,6.67,3.11,11.56,8.89,7.56,2.22,6.67,8.0,8.44,-0.44,16.44,11.56,6.68,0.452,0.004,0.102,-0.045,4.114,1.013
figitumumab,0.375,-2.16,1.29,232.0,6.03,2.16,4.31,3.02,3.88,11.21,0.86,3.45,3.45,7.76,1.72,2.16,3.45,5.6,5.6,13.36,8.19,5.17,2.16,6.47,9.05,7.33,1.72,16.38,12.5,9.51,0.462,0.017,0.119,-0.036,4.061,1.003
fletikumab,0.395,-0.85,0.43,234.0,7.26,1.71,4.27,3.85,3.42,8.97,0.85,4.7,3.42,5.98,1.28,2.14,4.27,7.26,4.27,13.68,8.12,6.41,2.56,5.56,7.69,8.12,-0.43,15.81,11.54,6.42,0.463,0.004,0.135,-0.048,4.075,1.009
foralumab,0.45,-2.21,0.0,226.0,7.08,1.77,3.54,3.54,3.54,10.18,0.88,3.1,3.98,8.41,1.33,2.21,4.42,5.75,6.19,11.95,6.19,7.08,3.1,5.75,10.18,7.08,3.1,17.26,12.39,9.85,0.468,0.031,0.121,-0.052,4.088,1.008
fresolimumab,0.484,-1.75,-0.44,228.0,7.46,1.75,3.95,4.39,2.63,9.65,0.0,4.39,3.07,8.33,1.32,0.88,4.82,6.58,4.82,13.6,8.33,7.02,1.75,5.26,7.89,8.33,-0.44,16.23,9.65,5.51,0.481,0.004,0.184,-0.051,3.985,1.009
fulranumab,0.408,-1.3,1.74,230.0,6.52,1.74,4.78,3.04,3.91,9.57,0.87,4.35,3.48,8.26,1.3,1.74,3.48,5.65,4.78,16.09,6.09,6.09,2.17,6.09,8.26,7.83,0.43,16.09,12.17,8.81,0.476,0.004,0.171,-0.047,4.028,1.011
galiximab,0.569,1.27,1.69,237.0,5.06,1.69,4.22,2.53,2.53,11.81,0.42,4.22,3.8,8.44,0.84,3.8,5.06,5.49,2.53,14.35,8.02,7.17,2.53,5.49,6.33,6.75,-0.42,13.08,10.55,5.94,0.478,0.004,0.176,-0.018,3.998,1.003
ganitumab,0.518,0.87,0.87,231.0,3.9,1.73,3.9,3.03,2.16,10.39,1.3,3.9,4.33,8.23,1.3,3.03,5.63,5.63,3.46,15.15,7.36,7.79,3.46,4.33,7.79,6.93,0.87,14.72,9.96,9.22,0.468,0.009,0.143,-0.023,4.044,1.004
gantenerumab,0.437,-2.14,-0.43,234.0,8.12,1.71,2.99,3.42,3.42,10.26,0.43,3.42,3.42,8.12,1.28,2.56,4.27,5.13,5.56,13.25,8.12,6.41,1.71,6.41,8.97,6.41,2.56,15.38,11.54,9.7,0.475,0.026,0.147,-0.046,4.028,1.007
gemtuzumab,0.515,2.2,0.0,227.0,5.73,1.76,3.96,3.96,3.52,8.81,0.44,3.52,5.29,6.61,0.88,4.41,4.85,6.61,3.08,11.89,9.25,7.05,2.64,5.73,8.37,7.93,0.44,16.3,11.89,8.78,0.453,0.004,0.106,-0.037,4.087,1.007
gevokizumab,0.508,2.64,2.64,227.0,3.96,1.76,4.85,2.2,3.52,8.81,0.88,4.41,5.73,9.25,1.32,1.76,3.96,7.05,3.08,14.98,9.25,5.73,3.52,3.96,8.81,7.05,1.76,15.86,11.01,9.58,0.469,0.018,0.136,-0.042,4.025,1.012
girentuximab,0.472,0.88,2.65,226.0,5.31,1.77,5.31,2.65,4.87,9.29,0.44,3.54,5.31,7.52,2.65,3.54,2.21,5.31,4.42,12.83,8.85,6.64,1.77,5.75,9.73,7.96,1.77,17.7,12.39,9.5,0.468,0.018,0.135,-0.05,4.078,1.022
glembatumumab,0.481,-0.44,-0.88,227.0,5.29,1.76,2.2,3.08,3.08,8.81,0.88,4.41,3.08,7.05,0.44,3.96,4.85,6.61,3.52,14.54,9.25,6.61,3.52,7.05,6.61,5.29,1.32,11.89,13.66,9.3,0.466,0.013,0.135,-0.041,4.03,1.03
golimumab,0.341,-2.99,1.28,234.0,8.55,1.71,4.27,2.99,3.85,9.83,0.43,3.42,2.99,6.84,1.71,3.42,4.7,5.56,5.98,11.97,6.41,6.41,2.14,6.84,8.97,7.26,1.71,16.24,12.82,9.49,0.465,0.017,0.128,-0.043,4.082,0.999
guselkumab,0.574,2.63,1.32,228.0,5.26,1.75,3.95,2.63,2.19,11.4,0.44,4.39,5.26,7.02,1.32,1.75,5.26,5.7,2.63,15.79,6.58,7.02,3.51,6.14,7.89,6.58,1.32,14.47,11.84,9.28,0.471,0.013,0.148,-0.024,3.997,1.007
ibalizumab,0.548,2.99,1.28,234.0,5.98,1.71,5.13,3.85,2.56,8.55,0.43,2.99,5.98,6.41,1.71,2.56,3.42,6.84,2.99,12.39,8.97,6.84,2.56,8.12,8.97,8.97,0.0,17.95,13.25,7.51,0.446,0.0,0.092,-0.049,4.063,1.016
imgatuzumab,0.537,1.77,0.0,226.0,5.75,1.77,3.1,3.1,3.98,9.29,0.88,3.54,5.31,5.75,1.77,3.98,4.42,7.52,3.54,12.39,9.73,6.19,1.77,6.19,8.85,6.19,2.65,15.04,11.95,9.67,0.449,0.027,0.074,-0.036,4.086,1.007
infliximab,0.41,-1.32,-1.76,227.0,3.96,1.76,3.96,5.73,3.96,9.25,1.76,4.85,3.52,6.17,1.76,3.08,3.08,4.41,4.85,16.74,7.05,6.17,2.64,5.29,8.37,9.69,-1.32,18.06,11.89,6.03,0.455,0.013,0.103,-0.04,4.077,1.015
inotuzumab,0.491,-0.86,-0.43,233.0,5.58,1.72,3.0,3.43,3.86,10.73,1.29,3.43,3.86,6.01,0.86,3.43,3.86,6.01,4.72,12.02,9.44,7.3,2.58,6.87,8.58,6.44,2.15,15.02,13.3,9.57,0.458,0.021,0.102,-0.039,4.076,1.026
ipilimumab,0.37,-2.65,0.0,226.0,6.19,1.77,3.54,3.54,4.42,11.06,0.44,3.54,3.1,7.96,0.88,2.21,4.42,6.19,5.75,12.39,7.96,5.75,2.65,6.19,8.85,7.08,1.77,15.93,13.27,9.54,0.466,0.018,0.128,-0.04,4.05,1.007
ixekizumab,0.45,-0.43,0.43,231.0,3.9,1.73,3.9,3.46,3.46,9.52,2.16,3.9,4.33,6.49,1.73,1.73,4.33,6.06,4.76,12.55,9.09,8.66,1.73,6.49,9.09,7.36,1.73,16.45,11.69,9.47,0.464,0.017,0.124,-0.046,4.086,1.041
lampalizumab,0.6,2.25,1.8,222.0,4.05,1.8,5.86,4.05,3.15,10.36,0.0,4.05,4.95,6.76,1.35,3.15,4.5,5.86,2.7,11.71,10.36,8.11,2.25,4.95,7.66,9.91,-2.25,17.57,10.36,4.76,0.463,0.023,0.117,-0.029,4.036,1.016
lebrikizumab,0.452,1.75,2.62,229.0,5.68,1.75,5.68,3.06,2.18,8.3,0.44,3.93,4.8,8.3,2.62,4.37,5.24,5.24,3.06,11.79,8.73,7.42,2.18,5.24,7.86,8.73,-0.87,16.59,9.61,5.44,0.469,0.009,0.146,-0.036,4.098,1.003
lenzilumab,0.577,-1.77,-1.33,226.0,6.64,1.77,2.65,3.98,3.98,8.85,0.44,3.54,4.42,5.31,0.88,2.65,3.98,7.08,6.19,11.95,9.29,7.96,2.21,6.19,10.62,6.64,3.98,17.26,12.39,9.98,0.454,0.04,0.074,-0.057,4.06,1.029
lintuzumab,0.51,2.64,0.88,227.0,6.61,1.76,4.41,3.52,3.52,9.69,0.44,3.96,5.73,4.41,2.2,3.08,4.41,7.05,3.08,12.78,8.37,6.61,2.2,6.17,8.81,7.93,0.88,16.74,11.89,9.08,0.45,0.009,0.093,-0.035,4.086,1.001
lirilumab,0.442,-0.87,0.0,230.0,8.26,1.74,3.91,3.91,3.91,9.13,0.0,4.35,3.48,6.09,1.74,1.3,4.35,6.96,4.35,13.48,7.83,6.52,2.17,6.52,7.83,7.83,-0.0,15.65,12.61,7.15,0.474,0.0,0.17,-0.054,4.029,1.015
lumiliximab,0.437,-2.22,0.44,225.0,6.22,1.78,4.0,3.56,4.0,9.33,0.0,3.11,3.11,8.0,1.33,3.11,4.0,6.22,5.33,14.22,8.0,7.11,2.22,5.33,8.44,7.56,0.89,16.0,11.56,9.2,0.469,0.009,0.147,-0.044,4.028,1.009
matuzumab,0.512,2.2,1.32,227.0,5.73,1.76,4.85,3.52,3.52,7.93,1.32,3.52,5.29,4.41,2.2,2.64,3.52,6.17,3.08,14.54,9.69,6.61,2.64,7.05,8.37,8.37,-0.0,16.74,13.22,7.77,0.446,0.0,0.091,-0.042,4.087,1.02
mavrilimumab,0.574,0.87,-1.73,231.0,6.93,1.73,3.46,5.19,2.16,11.69,0.87,3.03,3.9,7.79,1.73,1.73,5.19,5.63,3.03,12.12,8.66,9.09,1.73,4.33,6.93,8.66,-1.73,15.58,8.23,5.24,0.482,0.017,0.175,-0.036,4.018,1.004
mepolizumab,0.427,-0.43,2.16,232.0,4.74,1.72,4.74,2.59,2.59,8.62,0.86,3.02,3.88,9.91,1.72,3.45,6.03,5.17,4.31,12.93,9.91,7.33,2.16,4.31,8.19,7.33,0.86,15.52,9.05,9.23,0.472,0.009,0.154,-0.029,4.052,1.002
mogamulizumab,0.38,-1.73,0.43,231.0,4.33,1.73,4.33,3.9,4.33,10.39,0.87,3.9,3.46,8.66,1.3,3.46,4.76,4.76,5.19,13.42,5.63,7.79,2.16,5.63,8.66,8.23,0.43,16.88,12.12,8.84,0.474,0.004,0.166,-0.038,4.079,1.015
motavizumab,0.432,3.1,4.42,226.0,5.31,1.77,6.19,1.77,4.87,8.41,0.88,3.98,6.19,7.08,2.21,1.77,5.31,4.87,3.1,11.5,11.5,6.19,2.65,4.42,9.29,7.96,1.33,17.26,11.95,9.37,0.47,0.013,0.146,-0.033,4.078,1.017
muromonab,0.545,2.67,0.44,225.0,7.11,2.22,3.56,3.11,2.22,8.0,1.33,3.11,5.78,5.33,3.11,2.22,3.56,6.67,3.11,15.11,9.78,4.0,2.67,8.0,8.89,6.67,2.22,15.56,12.89,9.49,0.44,0.022,0.051,-0.041,4.058,0.998
natalizumab,0.451,0.87,2.18,229.0,6.99,1.75,5.24,3.06,2.18,8.73,0.87,5.24,5.24,5.24,2.18,2.18,4.37,6.99,4.37,10.48,8.73,6.11,2.18,7.86,9.61,8.3,1.31,17.9,12.23,9.19,0.45,0.013,0.09,-0.051,4.11,1.017
necitumumab,0.516,0.0,0.44,228.0,6.14,1.75,3.51,3.07,3.07,10.09,0.44,4.39,3.51,7.46,0.88,1.75,5.26,5.7,3.51,14.91,9.21,6.58,2.19,6.58,7.02,6.58,0.44,13.6,11.84,8.78,0.478,0.004,0.175,-0.033,3.997,1.018
nimotuzumab,0.487,0.43,1.28,235.0,3.83,1.7,4.26,2.98,5.96,9.79,0.85,4.68,4.26,4.68,0.85,3.4,3.83,7.23,3.83,13.62,10.64,5.96,2.55,5.11,8.09,7.23,0.85,15.32,13.62,9.16,0.452,0.009,0.1,-0.03,4.053,1.023
nivolumab,0.402,-2.27,0.91,220.0,7.27,1.82,4.55,3.64,3.18,9.09,0.45,3.64,3.64,7.73,0.91,3.18,4.09,6.36,5.91,12.73,7.27,6.82,2.73,5.0,9.55,8.18,1.36,17.73,10.91,9.46,0.46,0.014,0.116,-0.048,4.076,1.0
obinutuzumab,0.471,1.73,0.43,231.0,4.76,1.73,4.33,3.9,3.03,10.39,0.43,3.9,5.19,7.79,1.73,2.6,4.76,5.19,3.46,12.12,6.93,8.66,2.6,6.49,8.66,8.23,0.43,16.88,12.12,8.73,0.475,0.004,0.168,-0.043,4.078,1.026
ocrelizumab,0.505,0.88,0.88,228.0,5.7,1.75,3.51,2.63,3.95,9.65,0.88,3.07,4.39,6.14,1.75,3.51,5.26,6.14,3.51,13.6,7.46,7.46,2.63,7.02,7.89,6.14,1.75,14.04,13.6,9.44,0.463,0.018,0.121,-0.032,4.084,1.015
ofatumumab,0.322,-2.62,0.0,229.0,7.86,1.75,3.93,3.93,3.06,9.61,0.44,4.37,3.06,8.3,1.31,3.06,3.93,6.11,5.68,12.66,6.99,5.24,2.62,6.11,8.73,7.86,0.87,16.59,11.79,9.15,0.465,0.009,0.136,-0.051,4.073,0.998
olaratumab,0.44,-2.14,-0.43,234.0,5.98,1.71,2.99,3.42,3.42,8.97,0.0,3.42,2.56,8.97,0.43,2.56,5.13,6.41,4.7,15.81,8.55,4.7,2.99,7.26,7.26,6.41,0.85,13.68,13.68,9.1,0.463,0.009,0.131,-0.036,3.962,1.003
olokizumab,0.445,0.44,0.44,227.0,6.17,1.76,4.41,3.96,3.96,9.69,0.44,3.52,3.96,8.37,1.76,4.85,3.52,7.05,3.52,12.33,7.05,4.85,1.76,7.05,7.49,8.37,-0.88,15.86,12.78,5.45,0.455,0.009,0.107,-0.041,4.084,0.99
omalizumab,0.432,-0.43,1.72,232.0,5.6,1.72,5.17,3.45,3.02,10.34,1.72,4.31,3.45,6.9,0.86,2.59,3.88,6.03,3.88,14.22,7.33,6.03,2.59,6.9,7.33,8.62,-1.29,15.95,12.5,5.99,0.456,0.013,0.106,-0.033,4.071,1.007
onartuzumab,0.466,0.43,1.29,232.0,6.03,1.72,4.31,3.02,3.45,8.19,0.43,3.02,4.31,7.76,1.29,2.59,4.74,6.47,3.88,13.36,9.48,5.6,3.02,7.33,8.19,7.33,0.86,15.52,13.79,9.06,0.456,0.009,0.111,-0.042,4.06,1.011
otelixizumab,0.372,-2.18,1.75,229.0,4.37,1.75,5.24,3.49,4.8,10.04,1.31,3.93,3.06,7.86,1.31,4.37,3.06,3.93,5.24,13.97,7.86,6.99,1.75,5.68,8.3,8.73,-0.44,17.03,12.23,6.67,0.468,0.004,0.148,-0.035,4.072,1.02
otlertuzumab,0.414,2.69,-1.79,223.0,6.73,1.79,3.14,4.93,3.59,9.87,0.9,4.04,5.83,7.17,1.79,2.69,4.93,5.38,3.14,12.11,7.62,5.38,2.69,6.28,8.97,8.07,0.9,17.04,12.56,9.09,0.46,0.009,0.122,-0.042,4.11,0.999
ozanezumab,0.527,2.22,-1.33,225.0,4.0,1.78,3.11,4.44,2.67,9.78,0.44,3.11,5.78,8.44,2.67,3.11,4.44,6.67,3.56,12.0,8.44,7.56,2.22,5.78,9.33,7.56,1.78,16.89,10.67,9.48,0.461,0.018,0.116,-0.046,4.077,1.013
palivizumab,0.461,3.98,3.98,226.0,4.87,2.21,5.75,1.77,3.98,8.41,0.44,3.98,6.64,7.96,2.21,1.77,5.31,4.87,2.65,11.95,11.95,5.75,3.1,4.42,9.29,7.52,1.77,16.81,11.5,9.53,0.472,0.018,0.146,-0.033,4.054,1.016
panitumumab,0.453,1.77,2.65,226.0,4.42,1.77,5.31,2.65,3.54,9.29,1.33,6.19,4.42,7.52,0.88,2.65,4.42,6.19,2.65,14.16,9.73,5.75,2.21,4.87,7.08,7.96,-0.88,15.04,10.62,6.13,0.472,0.009,0.155,-0.033,4.05,1.019
panobacumab,0.396,-4.39,1.32,228.0,4.39,1.75,4.82,3.51,3.51,10.96,0.88,2.63,2.63,6.14,2.63,3.07,4.82,5.26,7.02,12.28,6.58,8.77,2.63,5.7,9.65,8.33,1.32,17.98,11.84,9.42,0.455,0.013,0.104,-0.031,4.091,1.011
parsatuzumab,0.407,-0.43,2.55,235.0,5.11,1.7,5.53,2.98,3.4,9.79,2.13,4.26,4.26,7.23,1.7,3.4,3.4,5.96,4.68,11.06,8.09,6.81,1.7,6.81,8.94,8.51,0.43,17.45,11.91,8.74,0.456,0.004,0.114,-0.044,4.129,1.019
patritumab,0.467,-0.43,-0.43,230.0,5.22,1.74,3.48,3.91,2.61,8.26,0.43,3.91,3.91,8.26,0.43,3.48,4.35,6.52,4.35,14.35,8.26,6.09,3.91,6.52,8.26,7.39,0.87,15.65,13.04,9.1,0.455,0.009,0.108,-0.047,4.045,1.014
pembrolizumab,0.474,0.43,-0.43,231.0,5.63,1.73,3.9,4.33,4.33,9.96,0.87,2.16,4.76,7.79,1.73,2.6,4.33,5.19,4.33,11.26,9.52,6.93,1.73,6.93,9.09,8.23,0.87,17.32,12.99,9.07,0.46,0.009,0.122,-0.042,4.081,1.014
pertuzumab,0.481,-0.44,2.21,226.0,5.75,1.77,4.87,2.65,4.42,10.18,0.0,3.54,3.98,7.08,1.33,2.65,4.42,6.64,4.42,11.95,7.96,7.08,1.77,7.52,8.41,7.52,0.88,15.93,13.72,9.07,0.467,0.009,0.141,-0.041,4.043,1.02
pinatuzumab,0.472,-0.43,1.29,232.0,4.74,1.72,4.74,3.45,5.17,11.21,0.43,3.45,4.31,6.03,1.29,2.59,3.88,6.03,4.74,13.79,7.33,6.9,3.02,5.17,9.05,8.19,0.86,17.24,13.36,9.16,0.458,0.009,0.117,-0.031,4.064,1.009
polatuzumab,0.509,0.0,-0.44,228.0,6.14,1.75,4.82,5.26,3.51,10.53,0.0,4.39,3.95,8.33,0.44,3.07,4.39,6.14,3.95,12.28,7.89,5.7,2.19,5.26,7.89,10.09,-2.19,17.98,10.96,4.83,0.462,0.022,0.112,-0.037,4.035,0.992
ponezumab,0.481,-1.75,0.88,228.0,5.26,1.75,4.39,3.51,1.75,8.33,0.88,3.07,3.95,8.33,1.75,0.88,5.7,7.02,5.7,11.84,8.33,8.77,1.75,7.02,9.65,7.89,1.75,17.54,10.53,9.45,0.463,0.018,0.121,-0.053,4.036,1.024
radretumab,0.419,-2.23,-0.89,224.0,6.25,1.79,3.12,4.02,4.91,10.27,0.0,3.57,3.12,8.48,0.89,1.34,5.36,5.8,5.36,15.18,8.04,5.36,1.79,5.36,8.48,7.14,1.34,15.62,12.05,9.44,0.474,0.013,0.156,-0.035,3.973,0.998
ramucirumab,0.504,0.45,3.59,223.0,7.62,1.79,5.38,1.79,4.48,9.87,0.0,4.93,4.48,6.28,1.79,2.69,3.59,5.83,4.04,14.8,6.73,6.73,2.24,4.93,8.52,7.17,1.35,15.7,11.66,9.42,0.481,0.013,0.176,-0.042,4.026,1.01
ranibizumab,0.468,0.87,1.3,230.0,5.65,1.74,4.35,3.04,4.35,9.57,1.3,3.04,3.91,6.96,0.87,2.17,4.35,6.09,3.04,12.61,9.57,6.52,3.04,7.83,6.96,7.39,-0.43,14.35,15.22,6.66,0.464,0.004,0.137,-0.04,4.066,1.028
reslizumab,0.534,0.45,0.45,223.0,5.83,1.79,4.04,3.59,2.69,9.87,0.0,4.04,4.04,8.52,0.9,3.14,3.59,6.28,3.59,14.35,8.07,6.73,2.24,6.73,7.62,7.62,0.0,15.25,11.66,7.13,0.471,0.0,0.161,-0.044,4.003,1.015
rilotumumab,0.447,-1.32,-0.88,228.0,5.7,1.75,2.63,3.51,3.07,9.65,0.0,5.26,3.07,7.46,0.44,2.63,5.26,6.14,4.39,14.04,8.77,6.14,3.07,7.02,7.46,6.14,1.32,13.6,13.16,9.3,0.474,0.013,0.155,-0.042,4.0,1.027
rituximab,0.58,3.52,-0.88,227.0,8.37,1.76,2.2,3.08,2.64,9.69,0.88,3.52,5.73,4.85,1.76,2.64,5.29,5.73,2.2,14.54,9.25,6.17,3.08,6.61,7.93,5.29,2.64,13.22,12.33,9.63,0.462,0.026,0.109,-0.031,4.028,1.003
robatumumab,0.368,-2.22,0.0,225.0,6.67,1.78,3.56,3.56,4.0,10.67,1.78,4.0,3.56,8.44,1.33,1.78,4.0,5.78,5.78,13.33,7.11,6.22,1.78,4.89,9.33,7.11,2.22,16.44,10.67,9.72,0.472,0.022,0.143,-0.045,4.069,1.005
romosozumab,0.511,0.87,3.48,230.0,5.22,1.74,6.52,3.04,3.04,10.0,0.43,3.48,4.78,6.09,2.17,2.61,3.91,6.09,3.91,11.3,10.0,6.52,2.17,6.96,8.7,9.57,-0.87,18.26,12.17,5.46,0.449,0.009,0.09,-0.032,4.079,1.008
sarilumab,0.351,-1.79,1.35,223.0,7.17,1.79,4.93,3.59,4.48,10.76,0.45,4.48,3.59,7.17,1.79,2.24,3.59,6.28,5.38,14.35,5.83,5.38,2.69,4.04,8.97,8.52,0.45,17.49,11.21,9.01,0.468,0.004,0.147,-0.04,4.063,0.988
secukinumab,0.34,-3.4,0.0,235.0,5.96,2.13,4.26,4.26,3.4,10.21,0.43,3.83,2.55,8.94,0.85,2.55,3.83,5.53,5.96,12.34,6.38,6.38,2.55,7.66,8.51,8.51,0.0,17.02,13.62,7.55,0.469,0.0,0.155,-0.052,4.056,1.018
seribantumab,0.543,0.0,0.0,230.0,6.09,2.17,3.04,3.04,3.04,11.74,0.87,4.35,3.48,7.39,1.3,2.61,3.04,5.22,3.48,16.09,7.83,7.83,2.17,5.22,6.96,6.09,0.87,13.04,10.43,9.19,0.49,0.009,0.204,-0.037,3.996,1.025
sifalimumab,0.534,-1.79,-0.45,224.0,7.59,1.79,3.12,3.57,2.68,9.82,0.0,3.57,3.57,6.7,0.89,1.34,4.46,7.14,5.36,13.39,9.82,6.7,2.23,6.25,8.93,6.7,2.23,15.62,11.16,9.63,0.463,0.022,0.117,-0.046,3.981,1.012
siltuximab,0.491,0.0,-2.22,225.0,6.67,1.78,2.67,4.89,3.11,9.78,0.0,3.56,4.0,7.56,3.11,1.33,4.0,4.0,4.0,16.44,7.56,4.89,2.67,8.0,8.0,7.56,0.44,15.56,13.78,8.7,0.473,0.004,0.163,-0.045,3.988,1.01
simtuzumab,0.439,1.75,-1.32,228.0,5.7,1.75,3.07,4.39,3.95,10.09,0.88,3.95,5.26,6.58,2.19,3.51,4.39,5.26,3.51,11.84,7.89,7.46,2.19,6.14,8.77,7.46,1.32,16.23,12.28,9.28,0.469,0.013,0.142,-0.045,4.116,1.02
sirukumab,0.406,-1.33,-0.89,225.0,7.56,1.78,3.11,4.0,3.56,10.67,0.0,4.0,2.67,8.44,2.22,1.78,4.89,4.89,4.0,13.33,7.56,5.78,3.11,6.67,6.67,7.11,-0.44,13.78,13.33,5.46,0.489,0.004,0.207,-0.045,4.028,1.012
tabalumab,0.481,-1.3,-0.43,230.0,6.52,1.74,3.04,3.48,2.61,9.13,0.43,4.35,3.48,8.7,0.0,2.61,4.78,6.52,4.78,13.48,8.26,5.22,3.04,7.83,8.26,6.52,1.74,14.78,13.48,9.41,0.462,0.017,0.118,-0.047,4.002,1.014
tanezumab,0.493,1.75,1.75,228.0,4.39,1.75,4.39,2.63,3.51,9.21,0.88,5.7,4.82,7.46,0.44,2.63,4.39,6.58,3.07,13.6,10.09,5.26,2.63,6.58,7.89,7.02,0.88,14.91,12.72,9.09,0.464,0.009,0.131,-0.038,4.037,1.026
teplizumab,0.463,-1.33,4.0,225.0,4.0,2.22,5.33,1.33,3.56,8.89,0.89,4.0,4.0,4.89,1.78,3.11,4.89,7.56,5.33,13.33,9.33,5.78,2.67,7.11,9.33,6.67,2.67,16.0,13.33,9.66,0.437,0.027,0.04,-0.025,4.077,1.012
tigatuzumab,0.519,-0.89,1.78,225.0,6.67,1.78,4.44,2.67,3.11,10.22,0.44,3.56,4.0,6.22,1.78,1.33,3.56,6.22,4.89,13.78,9.78,7.11,2.22,6.22,8.89,7.11,1.78,16.0,11.56,9.51,0.467,0.018,0.131,-0.043,4.02,1.02
tildrakizumab,0.428,1.35,-0.45,223.0,7.17,1.79,3.59,4.04,4.04,10.31,0.9,4.48,4.93,5.38,2.24,1.35,4.04,6.28,3.59,11.21,9.87,6.28,2.24,6.28,8.52,7.62,0.9,16.14,12.56,9.1,0.469,0.009,0.145,-0.049,4.088,1.022
tocilizumab,0.507,-2.21,2.21,226.0,4.87,1.77,3.98,1.77,2.21,7.96,0.88,4.87,3.1,7.96,1.33,1.77,4.87,7.08,5.31,15.49,10.62,5.75,2.21,6.19,8.41,5.75,2.65,14.16,10.62,9.75,0.464,0.027,0.114,-0.041,3.995,1.022
tovetumab,0.411,-2.19,1.32,228.0,6.58,1.75,3.95,2.63,3.51,10.09,0.44,5.26,3.51,6.58,2.19,2.63,4.39,6.14,5.7,14.91,6.58,5.7,1.75,5.7,9.21,6.58,2.63,15.79,10.96,9.77,0.469,0.026,0.128,-0.039,4.053,1.002
tralokinumab,0.441,-1.3,2.61,230.0,6.52,1.74,5.65,3.04,2.61,11.3,0.43,3.04,3.48,5.65,1.3,3.04,4.35,5.22,4.78,11.3,9.13,9.13,3.48,4.78,8.26,8.7,-0.43,16.96,10.87,5.98,0.464,0.004,0.136,-0.03,4.057,1.012
trastuzumab,0.411,-0.88,2.2,227.0,7.49,1.76,4.85,2.64,3.52,9.69,0.88,3.96,3.96,6.17,1.32,2.2,4.41,6.17,4.85,11.45,9.25,6.61,2.2,6.61,8.81,7.49,1.32,16.3,12.33,9.3,0.463,0.013,0.125,-0.043,4.083,1.014
tremelimumab,0.478,-0.86,2.59,232.0,6.47,1.72,4.74,2.16,3.45,9.48,0.43,3.45,3.88,6.47,1.72,2.16,4.31,6.47,4.74,13.36,7.76,6.9,2.16,8.19,8.62,6.9,1.72,15.52,13.79,9.36,0.463,0.017,0.12,-0.043,4.048,1.02
urelumab,0.416,-1.3,-0.87,230.0,6.96,1.74,3.48,4.35,3.04,9.57,0.43,3.91,3.04,9.13,0.0,2.61,5.22,5.65,4.35,13.04,7.83,5.65,3.48,6.52,7.39,7.83,-0.43,15.22,13.04,5.99,0.47,0.004,0.152,-0.043,4.018,1.005
ustekinumab,0.534,1.77,1.77,226.0,5.31,1.77,4.42,2.65,3.54,9.29,0.0,5.31,5.31,6.19,2.21,0.88,4.87,7.96,3.54,14.6,7.52,5.31,3.1,6.19,8.85,7.08,1.77,15.93,12.83,9.47,0.462,0.018,0.119,-0.043,4.024,1.011
vedolizumab,0.506,0.86,0.0,233.0,4.72,1.72,4.29,4.29,2.58,10.3,0.86,3.86,4.72,6.44,1.29,2.15,4.72,6.44,3.86,12.88,7.3,8.15,2.58,6.87,8.58,8.58,0.0,17.17,12.02,7.69,0.457,0.0,0.123,-0.039,4.072,1.019
veltuzumab,0.52,3.52,0.88,227.0,6.61,1.76,3.96,3.08,3.52,9.69,0.88,3.52,5.73,4.41,1.76,2.2,4.85,6.61,2.2,13.66,10.13,5.73,3.08,6.61,7.93,7.05,0.88,14.98,13.22,9.07,0.45,0.009,0.092,-0.028,4.055,1.004
visilizumab,0.577,3.1,1.77,226.0,7.52,1.77,4.42,2.65,2.65,8.41,0.88,3.1,6.19,5.31,2.21,1.77,4.42,6.19,3.1,15.04,8.41,6.19,2.21,7.52,9.29,7.08,2.21,16.37,12.39,9.5,0.451,0.022,0.083,-0.038,4.04,1.003
zalutumumab,0.445,-0.43,2.59,232.0,6.03,1.72,5.6,3.02,3.88,9.91,0.43,3.88,4.31,7.33,1.72,1.72,3.45,6.03,4.74,12.93,7.33,7.76,2.16,6.03,9.05,8.62,0.43,17.67,12.07,8.78,0.473,0.004,0.162,-0.05,4.061,1.022
